{
    "ActionSound": "",
    "AutoUnlock": true,
    "Cards": [
        "{\n    \"UnitsInDeck\": 1,\n    \"Card\": \"redemption\"\n}",
        "{\n    \"UnitsInDeck\": 2,\n    \"Card\": \"rayofhope\"\n}",
        "{\n    \"UnitsInDeck\": 2,\n    \"Card\": \"heal\"\n}",
        "{\n    \"UnitsInDeck\": 2,\n    \"Card\": \"shadowmend\"\n}",
        "{\n    \"UnitsInDeck\": 3,\n    \"Card\": \"blackkarma\"\n}",
        "{\n    \"UnitsInDeck\": 4,\n    \"Card\": \"hallucination\"\n}",
        "{\n    \"UnitsInDeck\": 1,\n    \"Card\": \"kinglightinthedarkness\"\n}"
    ],
    "ChallengePack0": "friar",
    "ChallengePack1": "heretic",
    "ChallengePack2": "zealot",
    "ChallengePack3": "shaman",
    "ChallengePack4": "healer",
    "ChallengePack5": "saint",
    "ChallengePack6": "protector",
    "CharacterDescription": "The King of Senenthia tried everything, but no one could rescue his daughter. It was time for him to lay down the crown, and accept his responsibilites; not as a king, but as a father.",
    "CharacterDescriptionStrength": "He's good at spamming courage and inspire. Or dark and regen.",
    "CharacterName": "Silenus",
    "Energy": 1,
    "EnergyTurn": 3,
    "Female": false,
    "FluffOffsetX": 0,
    "FluffOffsetY": 3.40000009536743,
    "HeroClass": "healer",
    "HeroClassSecondary": "none",
    "HitSound": "",
    "HP": 70,
    "ID": "king",
    "Item": "kingthekingssceptre",
    "MaxHP": [
        0,
        5,
        5,
        5,
        5
    ],
    "OrderInList": 5,
    "ResistSlashing": 5,
    "ResistBlunt": 5,
    "ResistPiercing": 5,
    "ResistFire": 10,
    "ResistCold": 10,
    "ResistLightning": 10,
    "ResistHoly": 10,
    "ResistShadow": 10,
    "ResistMind": 10,
    "Speed": 11,
    "SpriteBorderLocked": "silenusSilueta",
    "StickerBase": "",
    "StickerAngry": "",
    "StickerIndifferent": "",
    "StickerLove": "",
    "StickerSurprise": "",
    "StickerOffsetX": 0.100000001490116,
    "SubclassName": "King",
    "Trait0": "kingtrait0",
    "Trait1A": "kingtrait1a",
    "Trait1B": "kingtrait1b",
    "Trait2A": "kingtrait2a",
    "Trait2B": "kingtrait2b",
    "Trait3A": "kingtrait3a",
    "Trait3B": "kingtrait3b",
    "Trait4A": "kingtrait4a",
    "Trait4B": "kingtrait4b",
    "CardsSingularity": [
        "kinglightinthedarkness",
        "redemption",
        "rayofhope",
        "anthemofhope",
        "shadowmend",
        "darkoutbreak",
        "blackkarma",
        "heal",
        "dispelmagic",
        "bindingheal",
        "hallucination",
        "shadowflame",
        "clarity",
        "bulkheal",
        "fade"
    ]
}